Time_Index,None,new_england_coal,new_england_naturalgas,new_england_uranium,middle_atlantic_naturalgas,middle_atlantic_uranium,middle_atlantic_coal,east_north_central_coal,east_north_central_naturalgas,east_north_central_uranium,new_england_naturalgas_ccs100,middle_atlantic_naturalgas_ccs100,east_north_central_naturalgas_ccs90,east_north_central_naturalgas_ccs100
0,0.0,0.09552,0.05306,0.0,0.05306,0.0,0.09552,0.09552,0.05306,0.0,0.0,0.0,0.00531,0.0
1,0.0,0.0,3.81,0.79,3.37,0.79,2.2,2.1,3.73,0.79,3.81,3.37,3.73,3.73
2,0.0,0.0,3.81,0.79,3.37,0.79,2.2,2.1,3.73,0.79,3.81,3.37,3.73,3.73
3,0.0,0.0,3.81,0.79,3.37,0.79,2.2,2.1,3.73,0.79,3.81,3.37,3.73,3.73
4,0.0,0.0,3.81,0.79,3.37,0.79,2.2,2.1,3.73,0.79,3.81,3.37,3.73,3.73
5,0.0,0.0,3.81,0.79,3.37,0.79,2.2,2.1,3.73,0.79,3.81,3.37,3.73,3.73
6,0.0,0.0,3.81,0.79,3.37,0.79,2.2,2.1,3.73,0.79,3.81,3.37,3.73,3.73
7,0.0,0.0,3.81,0.79,3.37,0.79,2.2,2.1,3.73,0.79,3.81,3.37,3.73,3.73
8,0.0,0.0,3.81,0.79,3.37,0.79,2.2,2.1,3.73,0.79,3.81,3.37,3.73,3.73
9,0.0,0.0,3.81,0.79,3.37,0.79,2.2,2.1,3.73,0.79,3.81,3.37,3.73,3.73
10,0.0,0.0,3.81,0.79,3.37,0.79,2.2,2.1,3.73,0.79,3.81,3.37,3.73,3.73
11,0.0,0.0,3.81,0.79,3.37,0.79,2.2,2.1,3.73,0.79,3.81,3.37,3.73,3.73
12,0.0,0.0,3.81,0.79,3.37,0.79,2.2,2.1,3.73,0.79,3.81,3.37,3.73,3.73
13,0.0,0.0,3.81,0.79,3.37,0.79,2.2,2.1,3.73,0.79,3.81,3.37,3.73,3.73
14,0.0,0.0,3.81,0.79,3.37,0.79,2.2,2.1,3.73,0.79,3.81,3.37,3.73,3.73
15,0.0,0.0,3.81,0.79,3.37,0.79,2.2,2.1,3.73,0.79,3.81,3.37,3.73,3.73
16,0.0,0.0,3.81,0.79,3.37,0.79,2.2,2.1,3.73,0.79,3.81,3.37,3.73,3.73
17,0.0,0.0,3.81,0.79,3.37,0.79,2.2,2.1,3.73,0.79,3.81,3.37,3.73,3.73
18,0.0,0.0,3.81,0.79,3.37,0.79,2.2,2.1,3.73,0.79,3.81,3.37,3.73,3.73
19,0.0,0.0,3.81,0.79,3.37,0.79,2.2,2.1,3.73,0.79,3.81,3.37,3.73,3.73
20,0.0,0.0,3.81,0.79,3.37,0.79,2.2,2.1,3.73,0.79,3.81,3.37,3.73,3.73
21,0.0,0.0,3.81,0.79,3.37,0.79,2.2,2.1,3.73,0.79,3.81,3.37,3.73,3.73
22,0.0,0.0,3.81,0.79,3.37,0.79,2.2,2.1,3.73,0.79,3.81,3.37,3.73,3.73
23,0.0,0.0,3.81,0.79,3.37,0.79,2.2,2.1,3.73,0.79,3.81,3.37,3.73,3.73
24,0.0,0.0,3.81,0.79,3.37,0.79,2.2,2.1,3.73,0.79,3.81,3.37,3.73,3.73
25,0.0,0.0,3.81,0.79,3.37,0.79,2.2,2.1,3.73,0.79,3.81,3.37,3.73,3.73
26,0.0,0.0,3.81,0.79,3.37,0.79,2.2,2.1,3.73,0.79,3.81,3.37,3.73,3.73
27,0.0,0.0,3.81,0.79,3.37,0.79,2.2,2.1,3.73,0.79,3.81,3.37,3.73,3.73
28,0.0,0.0,3.81,0.79,3.37,0.79,2.2,2.1,3.73,0.79,3.81,3.37,3.73,3.73
29,0.0,0.0,3.81,0.79,3.37,0.79,2.2,2.1,3.73,0.79,3.81,3.37,3.73,3.73
30,0.0,0.0,3.81,0.79,3.37,0.79,2.2,2.1,3.73,0.79,3.81,3.37,3.73,3.73
31,0.0,0.0,3.81,0.79,3.37,0.79,2.2,2.1,3.73,0.79,3.81,3.37,3.73,3.73
32,0.0,0.0,3.81,0.79,3.37,0.79,2.2,2.1,3.73,0.79,3.81,3.37,3.73,3.73
33,0.0,0.0,3.81,0.79,3.37,0.79,2.2,2.1,3.73,0.79,3.81,3.37,3.73,3.73
34,0.0,0.0,3.81,0.79,3.37,0.79,2.2,2.1,3.73,0.79,3.81,3.37,3.73,3.73
35,0.0,0.0,3.81,0.79,3.37,0.79,2.2,2.1,3.73,0.79,3.81,3.37,3.73,3.73
36,0.0,0.0,3.81,0.79,3.37,0.79,2.2,2.1,3.73,0.79,3.81,3.37,3.73,3.73
37,0.0,0.0,3.81,0.79,3.37,0.79,2.2,2.1,3.73,0.79,3.81,3.37,3.73,3.73
38,0.0,0.0,3.81,0.79,3.37,0.79,2.2,2.1,3.73,0.79,3.81,3.37,3.73,3.73
39,0.0,0.0,3.81,0.79,3.37,0.79,2.2,2.1,3.73,0.79,3.81,3.37,3.73,3.73
40,0.0,0.0,3.81,0.79,3.37,0.79,2.2,2.1,3.73,0.79,3.81,3.37,3.73,3.73
41,0.0,0.0,3.81,0.79,3.37,0.79,2.2,2.1,3.73,0.79,3.81,3.37,3.73,3.73
42,0.0,0.0,3.81,0.79,3.37,0.79,2.2,2.1,3.73,0.79,3.81,3.37,3.73,3.73
43,0.0,0.0,3.81,0.79,3.37,0.79,2.2,2.1,3.73,0.79,3.81,3.37,3.73,3.73
44,0.0,0.0,3.81,0.79,3.37,0.79,2.2,2.1,3.73,0.79,3.81,3.37,3.73,3.73
45,0.0,0.0,3.81,0.79,3.37,0.79,2.2,2.1,3.73,0.79,3.81,3.37,3.73,3.73
46,0.0,0.0,3.81,0.79,3.37,0.79,2.2,2.1,3.73,0.79,3.81,3.37,3.73,3.73
47,0.0,0.0,3.81,0.79,3.37,0.79,2.2,2.1,3.73,0.79,3.81,3.37,3.73,3.73
48,0.0,0.0,3.81,0.79,3.37,0.79,2.2,2.1,3.73,0.79,3.81,3.37,3.73,3.73
49,0.0,0.0,3.81,0.79,3.37,0.79,2.2,2.1,3.73,0.79,3.81,3.37,3.73,3.73
50,0.0,0.0,3.81,0.79,3.37,0.79,2.2,2.1,3.73,0.79,3.81,3.37,3.73,3.73
51,0.0,0.0,3.81,0.79,3.37,0.79,2.2,2.1,3.73,0.79,3.81,3.37,3.73,3.73
52,0.0,0.0,3.81,0.79,3.37,0.79,2.2,2.1,3.73,0.79,3.81,3.37,3.73,3.73
53,0.0,0.0,3.81,0.79,3.37,0.79,2.2,2.1,3.73,0.79,3.81,3.37,3.73,3.73
54,0.0,0.0,3.81,0.79,3.37,0.79,2.2,2.1,3.73,0.79,3.81,3.37,3.73,3.73
55,0.0,0.0,3.81,0.79,3.37,0.79,2.2,2.1,3.73,0.79,3.81,3.37,3.73,3.73
56,0.0,0.0,3.81,0.79,3.37,0.79,2.2,2.1,3.73,0.79,3.81,3.37,3.73,3.73
57,0.0,0.0,3.81,0.79,3.37,0.79,2.2,2.1,3.73,0.79,3.81,3.37,3.73,3.73
58,0.0,0.0,3.81,0.79,3.37,0.79,2.2,2.1,3.73,0.79,3.81,3.37,3.73,3.73
59,0.0,0.0,3.81,0.79,3.37,0.79,2.2,2.1,3.73,0.79,3.81,3.37,3.73,3.73
60,0.0,0.0,3.81,0.79,3.37,0.79,2.2,2.1,3.73,0.79,3.81,3.37,3.73,3.73
61,0.0,0.0,3.81,0.79,3.37,0.79,2.2,2.1,3.73,0.79,3.81,3.37,3.73,3.73
62,0.0,0.0,3.81,0.79,3.37,0.79,2.2,2.1,3.73,0.79,3.81,3.37,3.73,3.73
63,0.0,0.0,3.81,0.79,3.37,0.79,2.2,2.1,3.73,0.79,3.81,3.37,3.73,3.73
64,0.0,0.0,3.81,0.79,3.37,0.79,2.2,2.1,3.73,0.79,3.81,3.37,3.73,3.73
65,0.0,0.0,3.81,0.79,3.37,0.79,2.2,2.1,3.73,0.79,3.81,3.37,3.73,3.73
66,0.0,0.0,3.81,0.79,3.37,0.79,2.2,2.1,3.73,0.79,3.81,3.37,3.73,3.73
67,0.0,0.0,3.81,0.79,3.37,0.79,2.2,2.1,3.73,0.79,3.81,3.37,3.73,3.73
68,0.0,0.0,3.81,0.79,3.37,0.79,2.2,2.1,3.73,0.79,3.81,3.37,3.73,3.73
69,0.0,0.0,3.81,0.79,3.37,0.79,2.2,2.1,3.73,0.79,3.81,3.37,3.73,3.73
70,0.0,0.0,3.81,0.79,3.37,0.79,2.2,2.1,3.73,0.79,3.81,3.37,3.73,3.73
71,0.0,0.0,3.81,0.79,3.37,0.79,2.2,2.1,3.73,0.79,3.81,3.37,3.73,3.73
72,0.0,0.0,3.81,0.79,3.37,0.79,2.2,2.1,3.73,0.79,3.81,3.37,3.73,3.73
73,0.0,0.0,3.81,0.79,3.37,0.79,2.2,2.1,3.73,0.79,3.81,3.37,3.73,3.73
74,0.0,0.0,3.81,0.79,3.37,0.79,2.2,2.1,3.73,0.79,3.81,3.37,3.73,3.73
75,0.0,0.0,3.81,0.79,3.37,0.79,2.2,2.1,3.73,0.79,3.81,3.37,3.73,3.73
76,0.0,0.0,3.81,0.79,3.37,0.79,2.2,2.1,3.73,0.79,3.81,3.37,3.73,3.73
77,0.0,0.0,3.81,0.79,3.37,0.79,2.2,2.1,3.73,0.79,3.81,3.37,3.73,3.73
78,0.0,0.0,3.81,0.79,3.37,0.79,2.2,2.1,3.73,0.79,3.81,3.37,3.73,3.73
79,0.0,0.0,3.81,0.79,3.37,0.79,2.2,2.1,3.73,0.79,3.81,3.37,3.73,3.73
80,0.0,0.0,3.81,0.79,3.37,0.79,2.2,2.1,3.73,0.79,3.81,3.37,3.73,3.73
81,0.0,0.0,3.81,0.79,3.37,0.79,2.2,2.1,3.73,0.79,3.81,3.37,3.73,3.73
82,0.0,0.0,3.81,0.79,3.37,0.79,2.2,2.1,3.73,0.79,3.81,3.37,3.73,3.73
83,0.0,0.0,3.81,0.79,3.37,0.79,2.2,2.1,3.73,0.79,3.81,3.37,3.73,3.73
84,0.0,0.0,3.81,0.79,3.37,0.79,2.2,2.1,3.73,0.79,3.81,3.37,3.73,3.73
85,0.0,0.0,3.81,0.79,3.37,0.79,2.2,2.1,3.73,0.79,3.81,3.37,3.73,3.73
86,0.0,0.0,3.81,0.79,3.37,0.79,2.2,2.1,3.73,0.79,3.81,3.37,3.73,3.73
87,0.0,0.0,3.81,0.79,3.37,0.79,2.2,2.1,3.73,0.79,3.81,3.37,3.73,3.73
88,0.0,0.0,3.81,0.79,3.37,0.79,2.2,2.1,3.73,0.79,3.81,3.37,3.73,3.73
89,0.0,0.0,3.81,0.79,3.37,0.79,2.2,2.1,3.73,0.79,3.81,3.37,3.73,3.73
90,0.0,0.0,3.81,0.79,3.37,0.79,2.2,2.1,3.73,0.79,3.81,3.37,3.73,3.73
91,0.0,0.0,3.81,0.79,3.37,0.79,2.2,2.1,3.73,0.79,3.81,3.37,3.73,3.73
92,0.0,0.0,3.81,0.79,3.37,0.79,2.2,2.1,3.73,0.79,3.81,3.37,3.73,3.73
93,0.0,0.0,3.81,0.79,3.37,0.79,2.2,2.1,3.73,0.79,3.81,3.37,3.73,3.73
94,0.0,0.0,3.81,0.79,3.37,0.79,2.2,2.1,3.73,0.79,3.81,3.37,3.73,3.73
95,0.0,0.0,3.81,0.79,3.37,0.79,2.2,2.1,3.73,0.79,3.81,3.37,3.73,3.73
96,0.0,0.0,3.81,0.79,3.37,0.79,2.2,2.1,3.73,0.79,3.81,3.37,3.73,3.73
97,0.0,0.0,3.81,0.79,3.37,0.79,2.2,2.1,3.73,0.79,3.81,3.37,3.73,3.73
98,0.0,0.0,3.81,0.79,3.37,0.79,2.2,2.1,3.73,0.79,3.81,3.37,3.73,3.73
99,0.0,0.0,3.81,0.79,3.37,0.79,2.2,2.1,3.73,0.79,3.81,3.37,3.73,3.73
100,0.0,0.0,3.81,0.79,3.37,0.79,2.2,2.1,3.73,0.79,3.81,3.37,3.73,3.73
101,0.0,0.0,3.81,0.79,3.37,0.79,2.2,2.1,3.73,0.79,3.81,3.37,3.73,3.73
102,0.0,0.0,3.81,0.79,3.37,0.79,2.2,2.1,3.73,0.79,3.81,3.37,3.73,3.73
103,0.0,0.0,3.81,0.79,3.37,0.79,2.2,2.1,3.73,0.79,3.81,3.37,3.73,3.73
104,0.0,0.0,3.81,0.79,3.37,0.79,2.2,2.1,3.73,0.79,3.81,3.37,3.73,3.73
105,0.0,0.0,3.81,0.79,3.37,0.79,2.2,2.1,3.73,0.79,3.81,3.37,3.73,3.73
106,0.0,0.0,3.81,0.79,3.37,0.79,2.2,2.1,3.73,0.79,3.81,3.37,3.73,3.73
107,0.0,0.0,3.81,0.79,3.37,0.79,2.2,2.1,3.73,0.79,3.81,3.37,3.73,3.73
108,0.0,0.0,3.81,0.79,3.37,0.79,2.2,2.1,3.73,0.79,3.81,3.37,3.73,3.73
109,0.0,0.0,3.81,0.79,3.37,0.79,2.2,2.1,3.73,0.79,3.81,3.37,3.73,3.73
110,0.0,0.0,3.81,0.79,3.37,0.79,2.2,2.1,3.73,0.79,3.81,3.37,3.73,3.73
111,0.0,0.0,3.81,0.79,3.37,0.79,2.2,2.1,3.73,0.79,3.81,3.37,3.73,3.73
112,0.0,0.0,3.81,0.79,3.37,0.79,2.2,2.1,3.73,0.79,3.81,3.37,3.73,3.73
113,0.0,0.0,3.81,0.79,3.37,0.79,2.2,2.1,3.73,0.79,3.81,3.37,3.73,3.73
114,0.0,0.0,3.81,0.79,3.37,0.79,2.2,2.1,3.73,0.79,3.81,3.37,3.73,3.73
115,0.0,0.0,3.81,0.79,3.37,0.79,2.2,2.1,3.73,0.79,3.81,3.37,3.73,3.73
116,0.0,0.0,3.81,0.79,3.37,0.79,2.2,2.1,3.73,0.79,3.81,3.37,3.73,3.73
117,0.0,0.0,3.81,0.79,3.37,0.79,2.2,2.1,3.73,0.79,3.81,3.37,3.73,3.73
118,0.0,0.0,3.81,0.79,3.37,0.79,2.2,2.1,3.73,0.79,3.81,3.37,3.73,3.73
119,0.0,0.0,3.81,0.79,3.37,0.79,2.2,2.1,3.73,0.79,3.81,3.37,3.73,3.73
120,0.0,0.0,3.81,0.79,3.37,0.79,2.2,2.1,3.73,0.79,3.81,3.37,3.73,3.73
121,0.0,0.0,3.81,0.79,3.37,0.79,2.2,2.1,3.73,0.79,3.81,3.37,3.73,3.73
122,0.0,0.0,3.81,0.79,3.37,0.79,2.2,2.1,3.73,0.79,3.81,3.37,3.73,3.73
123,0.0,0.0,3.81,0.79,3.37,0.79,2.2,2.1,3.73,0.79,3.81,3.37,3.73,3.73
124,0.0,0.0,3.81,0.79,3.37,0.79,2.2,2.1,3.73,0.79,3.81,3.37,3.73,3.73
125,0.0,0.0,3.81,0.79,3.37,0.79,2.2,2.1,3.73,0.79,3.81,3.37,3.73,3.73
126,0.0,0.0,3.81,0.79,3.37,0.79,2.2,2.1,3.73,0.79,3.81,3.37,3.73,3.73
127,0.0,0.0,3.81,0.79,3.37,0.79,2.2,2.1,3.73,0.79,3.81,3.37,3.73,3.73
128,0.0,0.0,3.81,0.79,3.37,0.79,2.2,2.1,3.73,0.79,3.81,3.37,3.73,3.73
129,0.0,0.0,3.81,0.79,3.37,0.79,2.2,2.1,3.73,0.79,3.81,3.37,3.73,3.73
130,0.0,0.0,3.81,0.79,3.37,0.79,2.2,2.1,3.73,0.79,3.81,3.37,3.73,3.73
131,0.0,0.0,3.81,0.79,3.37,0.79,2.2,2.1,3.73,0.79,3.81,3.37,3.73,3.73
132,0.0,0.0,3.81,0.79,3.37,0.79,2.2,2.1,3.73,0.79,3.81,3.37,3.73,3.73
133,0.0,0.0,3.81,0.79,3.37,0.79,2.2,2.1,3.73,0.79,3.81,3.37,3.73,3.73
134,0.0,0.0,3.81,0.79,3.37,0.79,2.2,2.1,3.73,0.79,3.81,3.37,3.73,3.73
135,0.0,0.0,3.81,0.79,3.37,0.79,2.2,2.1,3.73,0.79,3.81,3.37,3.73,3.73
136,0.0,0.0,3.81,0.79,3.37,0.79,2.2,2.1,3.73,0.79,3.81,3.37,3.73,3.73
137,0.0,0.0,3.81,0.79,3.37,0.79,2.2,2.1,3.73,0.79,3.81,3.37,3.73,3.73
138,0.0,0.0,3.81,0.79,3.37,0.79,2.2,2.1,3.73,0.79,3.81,3.37,3.73,3.73
139,0.0,0.0,3.81,0.79,3.37,0.79,2.2,2.1,3.73,0.79,3.81,3.37,3.73,3.73
140,0.0,0.0,3.81,0.79,3.37,0.79,2.2,2.1,3.73,0.79,3.81,3.37,3.73,3.73
141,0.0,0.0,3.81,0.79,3.37,0.79,2.2,2.1,3.73,0.79,3.81,3.37,3.73,3.73
142,0.0,0.0,3.81,0.79,3.37,0.79,2.2,2.1,3.73,0.79,3.81,3.37,3.73,3.73
143,0.0,0.0,3.81,0.79,3.37,0.79,2.2,2.1,3.73,0.79,3.81,3.37,3.73,3.73
144,0.0,0.0,3.81,0.79,3.37,0.79,2.2,2.1,3.73,0.79,3.81,3.37,3.73,3.73
145,0.0,0.0,3.81,0.79,3.37,0.79,2.2,2.1,3.73,0.79,3.81,3.37,3.73,3.73
146,0.0,0.0,3.81,0.79,3.37,0.79,2.2,2.1,3.73,0.79,3.81,3.37,3.73,3.73
147,0.0,0.0,3.81,0.79,3.37,0.79,2.2,2.1,3.73,0.79,3.81,3.37,3.73,3.73
148,0.0,0.0,3.81,0.79,3.37,0.79,2.2,2.1,3.73,0.79,3.81,3.37,3.73,3.73
149,0.0,0.0,3.81,0.79,3.37,0.79,2.2,2.1,3.73,0.79,3.81,3.37,3.73,3.73
150,0.0,0.0,3.81,0.79,3.37,0.79,2.2,2.1,3.73,0.79,3.81,3.37,3.73,3.73
151,0.0,0.0,3.81,0.79,3.37,0.79,2.2,2.1,3.73,0.79,3.81,3.37,3.73,3.73
152,0.0,0.0,3.81,0.79,3.37,0.79,2.2,2.1,3.73,0.79,3.81,3.37,3.73,3.73
153,0.0,0.0,3.81,0.79,3.37,0.79,2.2,2.1,3.73,0.79,3.81,3.37,3.73,3.73
154,0.0,0.0,3.81,0.79,3.37,0.79,2.2,2.1,3.73,0.79,3.81,3.37,3.73,3.73
155,0.0,0.0,3.81,0.79,3.37,0.79,2.2,2.1,3.73,0.79,3.81,3.37,3.73,3.73
156,0.0,0.0,3.81,0.79,3.37,0.79,2.2,2.1,3.73,0.79,3.81,3.37,3.73,3.73
157,0.0,0.0,3.81,0.79,3.37,0.79,2.2,2.1,3.73,0.79,3.81,3.37,3.73,3.73
158,0.0,0.0,3.81,0.79,3.37,0.79,2.2,2.1,3.73,0.79,3.81,3.37,3.73,3.73
159,0.0,0.0,3.81,0.79,3.37,0.79,2.2,2.1,3.73,0.79,3.81,3.37,3.73,3.73
160,0.0,0.0,3.81,0.79,3.37,0.79,2.2,2.1,3.73,0.79,3.81,3.37,3.73,3.73
161,0.0,0.0,3.81,0.79,3.37,0.79,2.2,2.1,3.73,0.79,3.81,3.37,3.73,3.73
162,0.0,0.0,3.81,0.79,3.37,0.79,2.2,2.1,3.73,0.79,3.81,3.37,3.73,3.73
163,0.0,0.0,3.81,0.79,3.37,0.79,2.2,2.1,3.73,0.79,3.81,3.37,3.73,3.73
164,0.0,0.0,3.81,0.79,3.37,0.79,2.2,2.1,3.73,0.79,3.81,3.37,3.73,3.73
165,0.0,0.0,3.81,0.79,3.37,0.79,2.2,2.1,3.73,0.79,3.81,3.37,3.73,3.73
166,0.0,0.0,3.81,0.79,3.37,0.79,2.2,2.1,3.73,0.79,3.81,3.37,3.73,3.73
167,0.0,0.0,3.81,0.79,3.37,0.79,2.2,2.1,3.73,0.79,3.81,3.37,3.73,3.73
168,0.0,0.0,3.81,0.79,3.37,0.79,2.2,2.1,3.73,0.79,3.81,3.37,3.73,3.73
169,0.0,0.0,3.81,0.79,3.37,0.79,2.2,2.1,3.73,0.79,3.81,3.37,3.73,3.73
170,0.0,0.0,3.81,0.79,3.37,0.79,2.2,2.1,3.73,0.79,3.81,3.37,3.73,3.73
171,0.0,0.0,3.81,0.79,3.37,0.79,2.2,2.1,3.73,0.79,3.81,3.37,3.73,3.73
172,0.0,0.0,3.81,0.79,3.37,0.79,2.2,2.1,3.73,0.79,3.81,3.37,3.73,3.73
173,0.0,0.0,3.81,0.79,3.37,0.79,2.2,2.1,3.73,0.79,3.81,3.37,3.73,3.73
174,0.0,0.0,3.81,0.79,3.37,0.79,2.2,2.1,3.73,0.79,3.81,3.37,3.73,3.73
175,0.0,0.0,3.81,0.79,3.37,0.79,2.2,2.1,3.73,0.79,3.81,3.37,3.73,3.73
176,0.0,0.0,3.81,0.79,3.37,0.79,2.2,2.1,3.73,0.79,3.81,3.37,3.73,3.73
177,0.0,0.0,3.81,0.79,3.37,0.79,2.2,2.1,3.73,0.79,3.81,3.37,3.73,3.73
178,0.0,0.0,3.81,0.79,3.37,0.79,2.2,2.1,3.73,0.79,3.81,3.37,3.73,3.73
179,0.0,0.0,3.81,0.79,3.37,0.79,2.2,2.1,3.73,0.79,3.81,3.37,3.73,3.73
180,0.0,0.0,3.81,0.79,3.37,0.79,2.2,2.1,3.73,0.79,3.81,3.37,3.73,3.73
181,0.0,0.0,3.81,0.79,3.37,0.79,2.2,2.1,3.73,0.79,3.81,3.37,3.73,3.73
182,0.0,0.0,3.81,0.79,3.37,0.79,2.2,2.1,3.73,0.79,3.81,3.37,3.73,3.73
183,0.0,0.0,3.81,0.79,3.37,0.79,2.2,2.1,3.73,0.79,3.81,3.37,3.73,3.73
184,0.0,0.0,3.81,0.79,3.37,0.79,2.2,2.1,3.73,0.79,3.81,3.37,3.73,3.73
185,0.0,0.0,3.81,0.79,3.37,0.79,2.2,2.1,3.73,0.79,3.81,3.37,3.73,3.73
186,0.0,0.0,3.81,0.79,3.37,0.79,2.2,2.1,3.73,0.79,3.81,3.37,3.73,3.73
187,0.0,0.0,3.81,0.79,3.37,0.79,2.2,2.1,3.73,0.79,3.81,3.37,3.73,3.73
188,0.0,0.0,3.81,0.79,3.37,0.79,2.2,2.1,3.73,0.79,3.81,3.37,3.73,3.73
189,0.0,0.0,3.81,0.79,3.37,0.79,2.2,2.1,3.73,0.79,3.81,3.37,3.73,3.73
190,0.0,0.0,3.81,0.79,3.37,0.79,2.2,2.1,3.73,0.79,3.81,3.37,3.73,3.73
191,0.0,0.0,3.81,0.79,3.37,0.79,2.2,2.1,3.73,0.79,3.81,3.37,3.73,3.73
192,0.0,0.0,3.81,0.79,3.37,0.79,2.2,2.1,3.73,0.79,3.81,3.37,3.73,3.73
193,0.0,0.0,3.81,0.79,3.37,0.79,2.2,2.1,3.73,0.79,3.81,3.37,3.73,3.73
194,0.0,0.0,3.81,0.79,3.37,0.79,2.2,2.1,3.73,0.79,3.81,3.37,3.73,3.73
195,0.0,0.0,3.81,0.79,3.37,0.79,2.2,2.1,3.73,0.79,3.81,3.37,3.73,3.73
196,0.0,0.0,3.81,0.79,3.37,0.79,2.2,2.1,3.73,0.79,3.81,3.37,3.73,3.73
197,0.0,0.0,3.81,0.79,3.37,0.79,2.2,2.1,3.73,0.79,3.81,3.37,3.73,3.73
198,0.0,0.0,3.81,0.79,3.37,0.79,2.2,2.1,3.73,0.79,3.81,3.37,3.73,3.73
199,0.0,0.0,3.81,0.79,3.37,0.79,2.2,2.1,3.73,0.79,3.81,3.37,3.73,3.73
200,0.0,0.0,3.81,0.79,3.37,0.79,2.2,2.1,3.73,0.79,3.81,3.37,3.73,3.73
201,0.0,0.0,3.81,0.79,3.37,0.79,2.2,2.1,3.73,0.79,3.81,3.37,3.73,3.73
202,0.0,0.0,3.81,0.79,3.37,0.79,2.2,2.1,3.73,0.79,3.81,3.37,3.73,3.73
203,0.0,0.0,3.81,0.79,3.37,0.79,2.2,2.1,3.73,0.79,3.81,3.37,3.73,3.73
204,0.0,0.0,3.81,0.79,3.37,0.79,2.2,2.1,3.73,0.79,3.81,3.37,3.73,3.73
205,0.0,0.0,3.81,0.79,3.37,0.79,2.2,2.1,3.73,0.79,3.81,3.37,3.73,3.73
206,0.0,0.0,3.81,0.79,3.37,0.79,2.2,2.1,3.73,0.79,3.81,3.37,3.73,3.73
207,0.0,0.0,3.81,0.79,3.37,0.79,2.2,2.1,3.73,0.79,3.81,3.37,3.73,3.73
208,0.0,0.0,3.81,0.79,3.37,0.79,2.2,2.1,3.73,0.79,3.81,3.37,3.73,3.73
209,0.0,0.0,3.81,0.79,3.37,0.79,2.2,2.1,3.73,0.79,3.81,3.37,3.73,3.73
210,0.0,0.0,3.81,0.79,3.37,0.79,2.2,2.1,3.73,0.79,3.81,3.37,3.73,3.73
211,0.0,0.0,3.81,0.79,3.37,0.79,2.2,2.1,3.73,0.79,3.81,3.37,3.73,3.73
212,0.0,0.0,3.81,0.79,3.37,0.79,2.2,2.1,3.73,0.79,3.81,3.37,3.73,3.73
213,0.0,0.0,3.81,0.79,3.37,0.79,2.2,2.1,3.73,0.79,3.81,3.37,3.73,3.73
214,0.0,0.0,3.81,0.79,3.37,0.79,2.2,2.1,3.73,0.79,3.81,3.37,3.73,3.73
215,0.0,0.0,3.81,0.79,3.37,0.79,2.2,2.1,3.73,0.79,3.81,3.37,3.73,3.73
216,0.0,0.0,3.81,0.79,3.37,0.79,2.2,2.1,3.73,0.79,3.81,3.37,3.73,3.73
217,0.0,0.0,3.81,0.79,3.37,0.79,2.2,2.1,3.73,0.79,3.81,3.37,3.73,3.73
218,0.0,0.0,3.81,0.79,3.37,0.79,2.2,2.1,3.73,0.79,3.81,3.37,3.73,3.73
219,0.0,0.0,3.81,0.79,3.37,0.79,2.2,2.1,3.73,0.79,3.81,3.37,3.73,3.73
220,0.0,0.0,3.81,0.79,3.37,0.79,2.2,2.1,3.73,0.79,3.81,3.37,3.73,3.73
221,0.0,0.0,3.81,0.79,3.37,0.79,2.2,2.1,3.73,0.79,3.81,3.37,3.73,3.73
222,0.0,0.0,3.81,0.79,3.37,0.79,2.2,2.1,3.73,0.79,3.81,3.37,3.73,3.73
223,0.0,0.0,3.81,0.79,3.37,0.79,2.2,2.1,3.73,0.79,3.81,3.37,3.73,3.73
224,0.0,0.0,3.81,0.79,3.37,0.79,2.2,2.1,3.73,0.79,3.81,3.37,3.73,3.73
225,0.0,0.0,3.81,0.79,3.37,0.79,2.2,2.1,3.73,0.79,3.81,3.37,3.73,3.73
226,0.0,0.0,3.81,0.79,3.37,0.79,2.2,2.1,3.73,0.79,3.81,3.37,3.73,3.73
227,0.0,0.0,3.81,0.79,3.37,0.79,2.2,2.1,3.73,0.79,3.81,3.37,3.73,3.73
228,0.0,0.0,3.81,0.79,3.37,0.79,2.2,2.1,3.73,0.79,3.81,3.37,3.73,3.73
229,0.0,0.0,3.81,0.79,3.37,0.79,2.2,2.1,3.73,0.79,3.81,3.37,3.73,3.73
230,0.0,0.0,3.81,0.79,3.37,0.79,2.2,2.1,3.73,0.79,3.81,3.37,3.73,3.73
231,0.0,0.0,3.81,0.79,3.37,0.79,2.2,2.1,3.73,0.79,3.81,3.37,3.73,3.73
232,0.0,0.0,3.81,0.79,3.37,0.79,2.2,2.1,3.73,0.79,3.81,3.37,3.73,3.73
233,0.0,0.0,3.81,0.79,3.37,0.79,2.2,2.1,3.73,0.79,3.81,3.37,3.73,3.73
234,0.0,0.0,3.81,0.79,3.37,0.79,2.2,2.1,3.73,0.79,3.81,3.37,3.73,3.73
235,0.0,0.0,3.81,0.79,3.37,0.79,2.2,2.1,3.73,0.79,3.81,3.37,3.73,3.73
236,0.0,0.0,3.81,0.79,3.37,0.79,2.2,2.1,3.73,0.79,3.81,3.37,3.73,3.73
237,0.0,0.0,3.81,0.79,3.37,0.79,2.2,2.1,3.73,0.79,3.81,3.37,3.73,3.73
238,0.0,0.0,3.81,0.79,3.37,0.79,2.2,2.1,3.73,0.79,3.81,3.37,3.73,3.73
239,0.0,0.0,3.81,0.79,3.37,0.79,2.2,2.1,3.73,0.79,3.81,3.37,3.73,3.73
240,0.0,0.0,3.81,0.79,3.37,0.79,2.2,2.1,3.73,0.79,3.81,3.37,3.73,3.73
241,0.0,0.0,3.81,0.79,3.37,0.79,2.2,2.1,3.73,0.79,3.81,3.37,3.73,3.73
242,0.0,0.0,3.81,0.79,3.37,0.79,2.2,2.1,3.73,0.79,3.81,3.37,3.73,3.73
243,0.0,0.0,3.81,0.79,3.37,0.79,2.2,2.1,3.73,0.79,3.81,3.37,3.73,3.73
244,0.0,0.0,3.81,0.79,3.37,0.79,2.2,2.1,3.73,0.79,3.81,3.37,3.73,3.73
245,0.0,0.0,3.81,0.79,3.37,0.79,2.2,2.1,3.73,0.79,3.81,3.37,3.73,3.73
246,0.0,0.0,3.81,0.79,3.37,0.79,2.2,2.1,3.73,0.79,3.81,3.37,3.73,3.73
247,0.0,0.0,3.81,0.79,3.37,0.79,2.2,2.1,3.73,0.79,3.81,3.37,3.73,3.73
248,0.0,0.0,3.81,0.79,3.37,0.79,2.2,2.1,3.73,0.79,3.81,3.37,3.73,3.73
249,0.0,0.0,3.81,0.79,3.37,0.79,2.2,2.1,3.73,0.79,3.81,3.37,3.73,3.73
250,0.0,0.0,3.81,0.79,3.37,0.79,2.2,2.1,3.73,0.79,3.81,3.37,3.73,3.73
251,0.0,0.0,3.81,0.79,3.37,0.79,2.2,2.1,3.73,0.79,3.81,3.37,3.73,3.73
252,0.0,0.0,3.81,0.79,3.37,0.79,2.2,2.1,3.73,0.79,3.81,3.37,3.73,3.73
253,0.0,0.0,3.81,0.79,3.37,0.79,2.2,2.1,3.73,0.79,3.81,3.37,3.73,3.73
254,0.0,0.0,3.81,0.79,3.37,0.79,2.2,2.1,3.73,0.79,3.81,3.37,3.73,3.73
255,0.0,0.0,3.81,0.79,3.37,0.79,2.2,2.1,3.73,0.79,3.81,3.37,3.73,3.73
256,0.0,0.0,3.81,0.79,3.37,0.79,2.2,2.1,3.73,0.79,3.81,3.37,3.73,3.73
257,0.0,0.0,3.81,0.79,3.37,0.79,2.2,2.1,3.73,0.79,3.81,3.37,3.73,3.73
258,0.0,0.0,3.81,0.79,3.37,0.79,2.2,2.1,3.73,0.79,3.81,3.37,3.73,3.73
259,0.0,0.0,3.81,0.79,3.37,0.79,2.2,2.1,3.73,0.79,3.81,3.37,3.73,3.73
260,0.0,0.0,3.81,0.79,3.37,0.79,2.2,2.1,3.73,0.79,3.81,3.37,3.73,3.73
261,0.0,0.0,3.81,0.79,3.37,0.79,2.2,2.1,3.73,0.79,3.81,3.37,3.73,3.73
262,0.0,0.0,3.81,0.79,3.37,0.79,2.2,2.1,3.73,0.79,3.81,3.37,3.73,3.73
263,0.0,0.0,3.81,0.79,3.37,0.79,2.2,2.1,3.73,0.79,3.81,3.37,3.73,3.73
264,0.0,0.0,3.81,0.79,3.37,0.79,2.2,2.1,3.73,0.79,3.81,3.37,3.73,3.73
265,0.0,0.0,3.81,0.79,3.37,0.79,2.2,2.1,3.73,0.79,3.81,3.37,3.73,3.73
266,0.0,0.0,3.81,0.79,3.37,0.79,2.2,2.1,3.73,0.79,3.81,3.37,3.73,3.73
267,0.0,0.0,3.81,0.79,3.37,0.79,2.2,2.1,3.73,0.79,3.81,3.37,3.73,3.73
268,0.0,0.0,3.81,0.79,3.37,0.79,2.2,2.1,3.73,0.79,3.81,3.37,3.73,3.73
269,0.0,0.0,3.81,0.79,3.37,0.79,2.2,2.1,3.73,0.79,3.81,3.37,3.73,3.73
270,0.0,0.0,3.81,0.79,3.37,0.79,2.2,2.1,3.73,0.79,3.81,3.37,3.73,3.73
271,0.0,0.0,3.81,0.79,3.37,0.79,2.2,2.1,3.73,0.79,3.81,3.37,3.73,3.73
272,0.0,0.0,3.81,0.79,3.37,0.79,2.2,2.1,3.73,0.79,3.81,3.37,3.73,3.73
273,0.0,0.0,3.81,0.79,3.37,0.79,2.2,2.1,3.73,0.79,3.81,3.37,3.73,3.73
274,0.0,0.0,3.81,0.79,3.37,0.79,2.2,2.1,3.73,0.79,3.81,3.37,3.73,3.73
275,0.0,0.0,3.81,0.79,3.37,0.79,2.2,2.1,3.73,0.79,3.81,3.37,3.73,3.73
276,0.0,0.0,3.81,0.79,3.37,0.79,2.2,2.1,3.73,0.79,3.81,3.37,3.73,3.73
277,0.0,0.0,3.81,0.79,3.37,0.79,2.2,2.1,3.73,0.79,3.81,3.37,3.73,3.73
278,0.0,0.0,3.81,0.79,3.37,0.79,2.2,2.1,3.73,0.79,3.81,3.37,3.73,3.73
279,0.0,0.0,3.81,0.79,3.37,0.79,2.2,2.1,3.73,0.79,3.81,3.37,3.73,3.73
280,0.0,0.0,3.81,0.79,3.37,0.79,2.2,2.1,3.73,0.79,3.81,3.37,3.73,3.73
281,0.0,0.0,3.81,0.79,3.37,0.79,2.2,2.1,3.73,0.79,3.81,3.37,3.73,3.73
282,0.0,0.0,3.81,0.79,3.37,0.79,2.2,2.1,3.73,0.79,3.81,3.37,3.73,3.73
283,0.0,0.0,3.81,0.79,3.37,0.79,2.2,2.1,3.73,0.79,3.81,3.37,3.73,3.73
284,0.0,0.0,3.81,0.79,3.37,0.79,2.2,2.1,3.73,0.79,3.81,3.37,3.73,3.73
285,0.0,0.0,3.81,0.79,3.37,0.79,2.2,2.1,3.73,0.79,3.81,3.37,3.73,3.73
286,0.0,0.0,3.81,0.79,3.37,0.79,2.2,2.1,3.73,0.79,3.81,3.37,3.73,3.73
287,0.0,0.0,3.81,0.79,3.37,0.79,2.2,2.1,3.73,0.79,3.81,3.37,3.73,3.73
288,0.0,0.0,3.81,0.79,3.37,0.79,2.2,2.1,3.73,0.79,3.81,3.37,3.73,3.73
289,0.0,0.0,3.81,0.79,3.37,0.79,2.2,2.1,3.73,0.79,3.81,3.37,3.73,3.73
290,0.0,0.0,3.81,0.79,3.37,0.79,2.2,2.1,3.73,0.79,3.81,3.37,3.73,3.73
291,0.0,0.0,3.81,0.79,3.37,0.79,2.2,2.1,3.73,0.79,3.81,3.37,3.73,3.73
292,0.0,0.0,3.81,0.79,3.37,0.79,2.2,2.1,3.73,0.79,3.81,3.37,3.73,3.73
293,0.0,0.0,3.81,0.79,3.37,0.79,2.2,2.1,3.73,0.79,3.81,3.37,3.73,3.73
294,0.0,0.0,3.81,0.79,3.37,0.79,2.2,2.1,3.73,0.79,3.81,3.37,3.73,3.73
295,0.0,0.0,3.81,0.79,3.37,0.79,2.2,2.1,3.73,0.79,3.81,3.37,3.73,3.73
296,0.0,0.0,3.81,0.79,3.37,0.79,2.2,2.1,3.73,0.79,3.81,3.37,3.73,3.73
297,0.0,0.0,3.81,0.79,3.37,0.79,2.2,2.1,3.73,0.79,3.81,3.37,3.73,3.73
298,0.0,0.0,3.81,0.79,3.37,0.79,2.2,2.1,3.73,0.79,3.81,3.37,3.73,3.73
299,0.0,0.0,3.81,0.79,3.37,0.79,2.2,2.1,3.73,0.79,3.81,3.37,3.73,3.73
300,0.0,0.0,3.81,0.79,3.37,0.79,2.2,2.1,3.73,0.79,3.81,3.37,3.73,3.73
301,0.0,0.0,3.81,0.79,3.37,0.79,2.2,2.1,3.73,0.79,3.81,3.37,3.73,3.73
302,0.0,0.0,3.81,0.79,3.37,0.79,2.2,2.1,3.73,0.79,3.81,3.37,3.73,3.73
303,0.0,0.0,3.81,0.79,3.37,0.79,2.2,2.1,3.73,0.79,3.81,3.37,3.73,3.73
304,0.0,0.0,3.81,0.79,3.37,0.79,2.2,2.1,3.73,0.79,3.81,3.37,3.73,3.73
305,0.0,0.0,3.81,0.79,3.37,0.79,2.2,2.1,3.73,0.79,3.81,3.37,3.73,3.73
306,0.0,0.0,3.81,0.79,3.37,0.79,2.2,2.1,3.73,0.79,3.81,3.37,3.73,3.73
307,0.0,0.0,3.81,0.79,3.37,0.79,2.2,2.1,3.73,0.79,3.81,3.37,3.73,3.73
308,0.0,0.0,3.81,0.79,3.37,0.79,2.2,2.1,3.73,0.79,3.81,3.37,3.73,3.73
309,0.0,0.0,3.81,0.79,3.37,0.79,2.2,2.1,3.73,0.79,3.81,3.37,3.73,3.73
310,0.0,0.0,3.81,0.79,3.37,0.79,2.2,2.1,3.73,0.79,3.81,3.37,3.73,3.73
311,0.0,0.0,3.81,0.79,3.37,0.79,2.2,2.1,3.73,0.79,3.81,3.37,3.73,3.73
312,0.0,0.0,3.81,0.79,3.37,0.79,2.2,2.1,3.73,0.79,3.81,3.37,3.73,3.73
313,0.0,0.0,3.81,0.79,3.37,0.79,2.2,2.1,3.73,0.79,3.81,3.37,3.73,3.73
314,0.0,0.0,3.81,0.79,3.37,0.79,2.2,2.1,3.73,0.79,3.81,3.37,3.73,3.73
315,0.0,0.0,3.81,0.79,3.37,0.79,2.2,2.1,3.73,0.79,3.81,3.37,3.73,3.73
316,0.0,0.0,3.81,0.79,3.37,0.79,2.2,2.1,3.73,0.79,3.81,3.37,3.73,3.73
317,0.0,0.0,3.81,0.79,3.37,0.79,2.2,2.1,3.73,0.79,3.81,3.37,3.73,3.73
318,0.0,0.0,3.81,0.79,3.37,0.79,2.2,2.1,3.73,0.79,3.81,3.37,3.73,3.73
319,0.0,0.0,3.81,0.79,3.37,0.79,2.2,2.1,3.73,0.79,3.81,3.37,3.73,3.73
320,0.0,0.0,3.81,0.79,3.37,0.79,2.2,2.1,3.73,0.79,3.81,3.37,3.73,3.73
321,0.0,0.0,3.81,0.79,3.37,0.79,2.2,2.1,3.73,0.79,3.81,3.37,3.73,3.73
322,0.0,0.0,3.81,0.79,3.37,0.79,2.2,2.1,3.73,0.79,3.81,3.37,3.73,3.73
323,0.0,0.0,3.81,0.79,3.37,0.79,2.2,2.1,3.73,0.79,3.81,3.37,3.73,3.73
324,0.0,0.0,3.81,0.79,3.37,0.79,2.2,2.1,3.73,0.79,3.81,3.37,3.73,3.73
325,0.0,0.0,3.81,0.79,3.37,0.79,2.2,2.1,3.73,0.79,3.81,3.37,3.73,3.73
326,0.0,0.0,3.81,0.79,3.37,0.79,2.2,2.1,3.73,0.79,3.81,3.37,3.73,3.73
327,0.0,0.0,3.81,0.79,3.37,0.79,2.2,2.1,3.73,0.79,3.81,3.37,3.73,3.73
328,0.0,0.0,3.81,0.79,3.37,0.79,2.2,2.1,3.73,0.79,3.81,3.37,3.73,3.73
329,0.0,0.0,3.81,0.79,3.37,0.79,2.2,2.1,3.73,0.79,3.81,3.37,3.73,3.73
330,0.0,0.0,3.81,0.79,3.37,0.79,2.2,2.1,3.73,0.79,3.81,3.37,3.73,3.73
331,0.0,0.0,3.81,0.79,3.37,0.79,2.2,2.1,3.73,0.79,3.81,3.37,3.73,3.73
332,0.0,0.0,3.81,0.79,3.37,0.79,2.2,2.1,3.73,0.79,3.81,3.37,3.73,3.73
333,0.0,0.0,3.81,0.79,3.37,0.79,2.2,2.1,3.73,0.79,3.81,3.37,3.73,3.73
334,0.0,0.0,3.81,0.79,3.37,0.79,2.2,2.1,3.73,0.79,3.81,3.37,3.73,3.73
335,0.0,0.0,3.81,0.79,3.37,0.79,2.2,2.1,3.73,0.79,3.81,3.37,3.73,3.73
336,0.0,0.0,3.81,0.79,3.37,0.79,2.2,2.1,3.73,0.79,3.81,3.37,3.73,3.73
337,0.0,0.0,3.81,0.79,3.37,0.79,2.2,2.1,3.73,0.79,3.81,3.37,3.73,3.73
338,0.0,0.0,3.81,0.79,3.37,0.79,2.2,2.1,3.73,0.79,3.81,3.37,3.73,3.73
339,0.0,0.0,3.81,0.79,3.37,0.79,2.2,2.1,3.73,0.79,3.81,3.37,3.73,3.73
340,0.0,0.0,3.81,0.79,3.37,0.79,2.2,2.1,3.73,0.79,3.81,3.37,3.73,3.73
341,0.0,0.0,3.81,0.79,3.37,0.79,2.2,2.1,3.73,0.79,3.81,3.37,3.73,3.73
342,0.0,0.0,3.81,0.79,3.37,0.79,2.2,2.1,3.73,0.79,3.81,3.37,3.73,3.73
343,0.0,0.0,3.81,0.79,3.37,0.79,2.2,2.1,3.73,0.79,3.81,3.37,3.73,3.73
344,0.0,0.0,3.81,0.79,3.37,0.79,2.2,2.1,3.73,0.79,3.81,3.37,3.73,3.73
345,0.0,0.0,3.81,0.79,3.37,0.79,2.2,2.1,3.73,0.79,3.81,3.37,3.73,3.73
346,0.0,0.0,3.81,0.79,3.37,0.79,2.2,2.1,3.73,0.79,3.81,3.37,3.73,3.73
347,0.0,0.0,3.81,0.79,3.37,0.79,2.2,2.1,3.73,0.79,3.81,3.37,3.73,3.73
348,0.0,0.0,3.81,0.79,3.37,0.79,2.2,2.1,3.73,0.79,3.81,3.37,3.73,3.73
349,0.0,0.0,3.81,0.79,3.37,0.79,2.2,2.1,3.73,0.79,3.81,3.37,3.73,3.73
350,0.0,0.0,3.81,0.79,3.37,0.79,2.2,2.1,3.73,0.79,3.81,3.37,3.73,3.73
351,0.0,0.0,3.81,0.79,3.37,0.79,2.2,2.1,3.73,0.79,3.81,3.37,3.73,3.73
352,0.0,0.0,3.81,0.79,3.37,0.79,2.2,2.1,3.73,0.79,3.81,3.37,3.73,3.73
353,0.0,0.0,3.81,0.79,3.37,0.79,2.2,2.1,3.73,0.79,3.81,3.37,3.73,3.73
354,0.0,0.0,3.81,0.79,3.37,0.79,2.2,2.1,3.73,0.79,3.81,3.37,3.73,3.73
355,0.0,0.0,3.81,0.79,3.37,0.79,2.2,2.1,3.73,0.79,3.81,3.37,3.73,3.73
356,0.0,0.0,3.81,0.79,3.37,0.79,2.2,2.1,3.73,0.79,3.81,3.37,3.73,3.73
357,0.0,0.0,3.81,0.79,3.37,0.79,2.2,2.1,3.73,0.79,3.81,3.37,3.73,3.73
358,0.0,0.0,3.81,0.79,3.37,0.79,2.2,2.1,3.73,0.79,3.81,3.37,3.73,3.73
359,0.0,0.0,3.81,0.79,3.37,0.79,2.2,2.1,3.73,0.79,3.81,3.37,3.73,3.73
360,0.0,0.0,3.81,0.79,3.37,0.79,2.2,2.1,3.73,0.79,3.81,3.37,3.73,3.73
361,0.0,0.0,3.81,0.79,3.37,0.79,2.2,2.1,3.73,0.79,3.81,3.37,3.73,3.73
362,0.0,0.0,3.81,0.79,3.37,0.79,2.2,2.1,3.73,0.79,3.81,3.37,3.73,3.73
363,0.0,0.0,3.81,0.79,3.37,0.79,2.2,2.1,3.73,0.79,3.81,3.37,3.73,3.73
364,0.0,0.0,3.81,0.79,3.37,0.79,2.2,2.1,3.73,0.79,3.81,3.37,3.73,3.73
365,0.0,0.0,3.81,0.79,3.37,0.79,2.2,2.1,3.73,0.79,3.81,3.37,3.73,3.73
366,0.0,0.0,3.81,0.79,3.37,0.79,2.2,2.1,3.73,0.79,3.81,3.37,3.73,3.73
367,0.0,0.0,3.81,0.79,3.37,0.79,2.2,2.1,3.73,0.79,3.81,3.37,3.73,3.73
368,0.0,0.0,3.81,0.79,3.37,0.79,2.2,2.1,3.73,0.79,3.81,3.37,3.73,3.73
369,0.0,0.0,3.81,0.79,3.37,0.79,2.2,2.1,3.73,0.79,3.81,3.37,3.73,3.73
370,0.0,0.0,3.81,0.79,3.37,0.79,2.2,2.1,3.73,0.79,3.81,3.37,3.73,3.73
371,0.0,0.0,3.81,0.79,3.37,0.79,2.2,2.1,3.73,0.79,3.81,3.37,3.73,3.73
372,0.0,0.0,3.81,0.79,3.37,0.79,2.2,2.1,3.73,0.79,3.81,3.37,3.73,3.73
373,0.0,0.0,3.81,0.79,3.37,0.79,2.2,2.1,3.73,0.79,3.81,3.37,3.73,3.73
374,0.0,0.0,3.81,0.79,3.37,0.79,2.2,2.1,3.73,0.79,3.81,3.37,3.73,3.73
375,0.0,0.0,3.81,0.79,3.37,0.79,2.2,2.1,3.73,0.79,3.81,3.37,3.73,3.73
376,0.0,0.0,3.81,0.79,3.37,0.79,2.2,2.1,3.73,0.79,3.81,3.37,3.73,3.73
377,0.0,0.0,3.81,0.79,3.37,0.79,2.2,2.1,3.73,0.79,3.81,3.37,3.73,3.73
378,0.0,0.0,3.81,0.79,3.37,0.79,2.2,2.1,3.73,0.79,3.81,3.37,3.73,3.73
379,0.0,0.0,3.81,0.79,3.37,0.79,2.2,2.1,3.73,0.79,3.81,3.37,3.73,3.73
380,0.0,0.0,3.81,0.79,3.37,0.79,2.2,2.1,3.73,0.79,3.81,3.37,3.73,3.73
381,0.0,0.0,3.81,0.79,3.37,0.79,2.2,2.1,3.73,0.79,3.81,3.37,3.73,3.73
382,0.0,0.0,3.81,0.79,3.37,0.79,2.2,2.1,3.73,0.79,3.81,3.37,3.73,3.73
383,0.0,0.0,3.81,0.79,3.37,0.79,2.2,2.1,3.73,0.79,3.81,3.37,3.73,3.73
384,0.0,0.0,3.81,0.79,3.37,0.79,2.2,2.1,3.73,0.79,3.81,3.37,3.73,3.73
